{
    "1": {
        "white": 0.5837901833181259,
        "black": 0.08795650436238321,
        "asian": 0.02831590139581181,
        "hispanic": 0.259842697815415,
        "total_population": 663055
    },
    "2": {
        "white": 0.8140597180467587,
        "black": 0.008376871661656111,
        "asian": 0.02339394646974694,
        "hispanic": 0.12220892560053706,
        "total_population": 685220
    },
    "3": {
        "white": 0.7026325731923782,
        "black": 0.00854713040254917,
        "asian": 0.006764993120950093,
        "hispanic": 0.24742481162808933,
        "total_population": 701405
    },
    "4": {
        "white": 0.8006871632509637,
        "black": 0.015539259879746432,
        "asian": 0.02598868452249963,
        "hispanic": 0.1269548303743194,
        "total_population": 704345
    },
    "5": {
        "white": 0.6905600136832053,
        "black": 0.05703473538676435,
        "asian": 0.02347524907709631,
        "hispanic": 0.17327784033409827,
        "total_population": 701590
    },
    "6": {
        "white": 0.6306525428865855,
        "black": 0.10077589864823908,
        "asian": 0.043348790689216224,
        "hispanic": 0.1817754743286658,
        "total_population": 659880
    },
    "7": {
        "white": 0.7895037690686292,
        "black": 0.011889535922260726,
        "asian": 0.023807652459719195,
        "hispanic": 0.14358901075345648,
        "total_population": 699775
    },
    "8": {
        "white": 0.5738079588910134,
        "black": 0.01914286567877629,
        "asian": 0.025401828393881453,
        "hispanic": 0.35251852294455066,
        "total_population": 669440
    }
}