{
    "fips": "NV",
    "electionType": "SMD",
    "totalDistricts": 4,
    "characteristic": "AVERAGE",
    "democratsSeats": 3,
    "republicanSeats": 1,
    "demTotalVotes": 1336037,
    "repTotalVotes": 1424729,
    "bias": 0.25,
    "symmetry": 0.0,
    "responsiveness": 0,
    "curveData": [
        {
            "districtId": 1,
            "demVoteShare": 0.5261720425886305,
            "repVoteShare": 0.4738279574113695,
            "totalVotes": 670306
        },
        {
            "districtId": 2,
            "demVoteShare": 0.6056100033795201,
            "repVoteShare": 0.3943899966204799,
            "totalVotes": 612361
        },
        {
            "districtId": 3,
            "demVoteShare": 0.5013464874128168,
            "repVoteShare": 0.49865351258718316,
            "totalVotes": 723078
        },
        {
            "districtId": 4,
            "demVoteShare": 0.44855459795739594,
            "repVoteShare": 0.5514454020426041,
            "totalVotes": 755021
        }
    ]
}