{
    "fips": "NV",
    "electionType": "SMD",
    "totalDistricts": 4,
    "characteristic": "ENACTED",
    "democratsSeats": 2,
    "republicanSeats": 2,
    "demTotalVotes": 1334842,
    "repTotalVotes": 1425924,

    "bias": -0.25,
    "symmetry": -0.0833,
    "responsiveness": 4.1016,

    "curveData": [
        {
            "districtId": 1,
            "demVoteShare": 0.4604494271363383,
            "repVoteShare": 0.5395505728636617,
            "totalVotes": 731103
        },
        {
            "districtId": 2,
            "demVoteShare": 0.5214016444173718,
            "repVoteShare": 0.4785983555826282,
            "totalVotes": 787122
        },
        {
            "districtId": 3,
            "demVoteShare": 0.46805104152842214,
            "repVoteShare": 0.5319489584715779,
            "totalVotes": 670260
        },
        {
            "districtId": 4,
            "demVoteShare": 0.6380877333376884,
            "repVoteShare": 0.3619122666623116,
            "totalVotes": 572281
        }
    ]
}