{
    "3": {
        "white": 0.47198816717372105,
        "black": 0.1055280609026035,
        "asian": 0.14767198956916736,
        "hispanic": 0.20523784822016908,
        "total_population": 713270
    },
    "1": {
        "white": 0.4623054729194385,
        "black": 0.09702061501203414,
        "asian": 0.07133033351770739,
        "hispanic": 0.31469660502593694,
        "total_population": 668930
    },
    "4": {
        "white": 0.4128592754567818,
        "black": 0.1674971790612757,
        "asian": 0.04740578765515163,
        "hispanic": 0.311165310513516,
        "total_population": 713415
    },
    "2": {
        "white": 0.686501211069103,
        "black": 0.0198231084335696,
        "asian": 0.03230432485470602,
        "hispanic": 0.20498288035460652,
        "total_population": 728695
    }
}