{
    "fips": "NV",
    "electionType": "SMD",
    "totalDistricts": 4,
    "characteristic": "REPFAVORED",
    "democratsSeats": 2,
    "republicanSeats": 2,
    "demTotalVotes": 1348548,
    "repTotalVotes": 1412218,
    "curveData": [
        {
            "districtId": 1,
            "demVoteShare": 0.40526659579645735,
            "repVoteShare": 0.5947334042035426,
            "totalVotes": 486939
        },
        {
            "districtId": 2,
            "demVoteShare": 0.5429595559391182,
            "repVoteShare": 0.45704044406088185,
            "totalVotes": 839831
        },
        {
            "districtId": 3,
            "demVoteShare": 0.5553938516058796,
            "repVoteShare": 0.4446061483941204,
            "totalVotes": 857831
        },
        {
            "districtId": 4,
            "demVoteShare": 0.49022412807709814,
            "repVoteShare": 0.5097758719229019,
            "totalVotes": 576165
        }
    ]
}