{
    "fips": "NV",
    "electionType": "SMD",
    "totalDistricts": 4,
    "characteristic": "FAIR",
    "democratsSeats": 3,
    "republicanSeats": 1,
    "demTotalVotes": 1345913,
    "repTotalVotes": 1414853,
    "bias": 0.0,
    "symmetry": 0.25,
    "responsiveness": 11.4063,
    "curveData": [
        {
            "districtId": 1,
            "demVoteShare": 0.496627232280155,
            "repVoteShare": 0.503372767719845,
            "totalVotes": 581232
        },
        {
            "districtId": 2,
            "demVoteShare": 0.516401171157759,
            "repVoteShare": 0.48359882884224104,
            "totalVotes": 748387
        },
        {
            "districtId": 3,
            "demVoteShare": 0.5021355817362644,
            "repVoteShare": 0.4978644182637356,
            "totalVotes": 572859
        },
        {
            "districtId": 4,
            "demVoteShare": 0.5267185405992999,
            "repVoteShare": 0.4732814594007001,
            "totalVotes": 858288
        }
    ]
}